{"cameraMode":{"drawMode":0,"name":"Shaded","section":"Shading Mode"},"sceneLighting":false,"audioPlay":false,"sceneViewState":{"showFog":true,"showMaterialUpdate":false,"showSkybox":true,"showFlares":true,"showImageEffects":true,"showParticleSystems":true},"in2DMode":false,"pivot":{"x":0.27635765075683596,"y":0.6955955028533936,"z":-0.7511444091796875},"rotation":{"x":-0.43847498297691347,"y":0.0008141602156683803,"z":-0.00039722424116916955,"w":-0.8987429141998291},"size":17.999393463134767,"orthographic":true}