{"cameraMode":{"drawMode":0,"name":"Shaded","section":"Shading Mode"},"sceneLighting":false,"audioPlay":false,"sceneViewState":{"showFog":true,"showMaterialUpdate":false,"showSkybox":true,"showFlares":true,"showImageEffects":true,"showParticleSystems":true},"in2DMode":false,"pivot":{"x":-1.6502635478973389,"y":-0.26973646879196169,"z":1.5800018310546876},"rotation":{"x":0.1916678249835968,"y":-0.01913604326546192,"z":0.0037388771306723358,"w":0.98126620054245},"size":3.4279606342315676,"orthographic":true}