{"cameraMode":{"drawMode":0,"name":"Shaded","section":"Shading Mode"},"sceneLighting":false,"audioPlay":false,"sceneViewState":{"showFog":true,"showMaterialUpdate":false,"showSkybox":true,"showFlares":true,"showImageEffects":true,"showParticleSystems":true},"in2DMode":false,"pivot":{"x":5.840000152587891,"y":-0.6399998664855957,"z":-2.809999942779541},"rotation":{"x":0.5764686465263367,"y":-1.6563059546115256e-7,"z":2.5940270376167974e-8,"w":0.817119300365448},"size":57.62087631225586,"orthographic":false}