{"cameraMode":{"drawMode":0,"name":"Shaded","section":"Shading Mode"},"sceneLighting":true,"audioPlay":false,"sceneViewState":{"showFog":true,"showMaterialUpdate":false,"showSkybox":true,"showFlares":true,"showImageEffects":true,"showParticleSystems":true},"in2DMode":false,"pivot":{"x":-3.1673030853271486,"y":-0.2052459716796875,"z":2.855316162109375},"rotation":{"x":0.5262817144393921,"y":-0.0623764805495739,"z":0.038753073662519458,"w":0.8471333384513855},"size":17.867952346801759,"orthographic":true}