{"cameraMode":{"drawMode":0,"name":"Shaded","section":"Shading Mode"},"sceneLighting":false,"audioPlay":false,"sceneViewState":{"showFog":true,"showMaterialUpdate":false,"showSkybox":true,"showFlares":true,"showImageEffects":true,"showParticleSystems":true},"in2DMode":false,"pivot":{"x":5.78000020980835,"y":-1.3884098529815674,"z":-5.6791300773620609},"rotation":{"x":-0.39510244131088259,"y":0.4820020794868469,"z":-0.2579635977745056,"w":-0.7382566332817078},"size":13.856030464172364,"orthographic":true}