{"cameraMode":{"drawMode":0,"name":"Shaded","section":"Shading Mode"},"sceneLighting":false,"audioPlay":false,"sceneViewState":{"showFog":true,"showMaterialUpdate":false,"showSkybox":true,"showFlares":true,"showImageEffects":true,"showParticleSystems":true},"in2DMode":false,"pivot":{"x":-3.849914073944092,"y":-3.1649227142333986,"z":-7.572946548461914},"rotation":{"x":0.667141854763031,"y":-0.03570978716015816,"z":0.032047443091869357,"w":0.7433838248252869},"size":6.507506847381592,"orthographic":false}