{"cameraMode":{"drawMode":0,"name":"Shaded","section":"Shading Mode"},"sceneLighting":false,"audioPlay":false,"sceneViewState":{"showFog":false,"showMaterialUpdate":false,"showSkybox":false,"showFlares":false,"showImageEffects":false,"showParticleSystems":false},"in2DMode":false,"pivot":{"x":10.990309715270996,"y":-33.17472839355469,"z":278.1036376953125},"rotation":{"x":-0.024812791496515275,"y":0.9690969586372376,"z":-0.2196660339832306,"w":-0.10946352779865265},"size":47.392642974853519,"orthographic":false}