{"cameraMode":{"drawMode":0,"name":"Shaded","section":"Shading Mode"},"sceneLighting":false,"audioPlay":false,"sceneViewState":{"showFog":true,"showMaterialUpdate":true,"showSkybox":true,"showFlares":true,"showImageEffects":true,"showParticleSystems":true},"in2DMode":false,"pivot":{"x":0.8470706939697266,"y":-34.04590606689453,"z":41.9900016784668},"rotation":{"x":0.2805294990539551,"y":-0.019316203892230989,"z":0.005648300517350435,"w":0.9596344232559204},"size":38.473876953125,"orthographic":false}