{"cameraMode":{"drawMode":0,"name":"Shaded","section":"Shading Mode"},"sceneLighting":true,"audioPlay":false,"sceneViewState":{"showFog":true,"showMaterialUpdate":true,"showSkybox":true,"showFlares":true,"showImageEffects":true,"showParticleSystems":true},"in2DMode":false,"pivot":{"x":5.769999980926514,"y":-0.8199999332427979,"z":-2.809999942779541},"rotation":{"x":0.17694853246212007,"y":0.01562448963522911,"z":-0.0028072865679860117,"w":0.984092116355896},"size":8.389799118041993,"orthographic":false}