{"cameraMode":{"drawMode":0,"name":"Shaded","section":"Shading Mode"},"sceneLighting":false,"audioPlay":false,"sceneViewState":{"showFog":true,"showMaterialUpdate":true,"showSkybox":true,"showFlares":true,"showImageEffects":true,"showParticleSystems":true},"in2DMode":false,"pivot":{"x":5.770000457763672,"y":-0.820000171661377,"z":-2.809999942779541},"rotation":{"x":0.004858704749494791,"y":-0.023672377690672876,"z":0.00011411753803258762,"w":0.9997079968452454},"size":28.578840255737306,"orthographic":false}