{"cameraMode":{"drawMode":0,"name":"Shaded","section":"Shading Mode"},"sceneLighting":false,"audioPlay":false,"sceneViewState":{"showFog":true,"showMaterialUpdate":true,"showSkybox":true,"showFlares":true,"showImageEffects":true,"showParticleSystems":true},"in2DMode":false,"pivot":{"x":-1.6502635478973389,"y":-0.26973646879196169,"z":1.5800018310546876},"rotation":{"x":-0.052114736288785937,"y":0.007814443670213223,"z":0.0004068744892720133,"w":0.9986104965209961},"size":3.4279606342315676,"orthographic":false}