{"cameraMode":{"drawMode":0,"name":"Shaded","section":"Shading Mode"},"sceneLighting":true,"audioPlay":false,"sceneViewState":{"showFog":true,"showMaterialUpdate":true,"showSkybox":true,"showFlares":true,"showImageEffects":true,"showParticleSystems":true},"in2DMode":false,"pivot":{"x":-0.12751716375350953,"y":-32.75406265258789,"z":28.24233055114746},"rotation":{"x":-0.37684595584869387,"y":0.006397452671080828,"z":-0.0026032438036054374,"w":-0.9262502193450928},"size":63.18503189086914,"orthographic":false}