{"cameraMode":{"drawMode":0,"name":"Shaded","section":"Shading Mode"},"sceneLighting":true,"audioPlay":false,"sceneViewState":{"showFog":true,"showMaterialUpdate":true,"showSkybox":true,"showFlares":true,"showImageEffects":true,"showParticleSystems":true},"in2DMode":false,"pivot":{"x":-1.3214786052703858,"y":-3.414210319519043,"z":3.3509483337402345},"rotation":{"x":-0.13660646975040437,"y":-0.0718463584780693,"z":0.009933814406394959,"w":-0.9879666566848755},"size":3.6503524780273439,"orthographic":false}