{"cameraMode":{"drawMode":0,"name":"Shaded","section":"Shading Mode"},"sceneLighting":true,"audioPlay":false,"sceneViewState":{"showFog":true,"showMaterialUpdate":true,"showSkybox":true,"showFlares":true,"showImageEffects":true,"showParticleSystems":true},"in2DMode":false,"pivot":{"x":0.23532742261886598,"y":-2.066774845123291,"z":0.8256959915161133},"rotation":{"x":0.07080084830522537,"y":-0.0056604077108204369,"z":0.0004008474061265588,"w":0.9974743723869324},"size":23.565359115600587,"orthographic":false}