{"cameraMode":{"drawMode":0,"name":"Shaded","section":"Shading Mode"},"sceneLighting":true,"audioPlay":false,"sceneViewState":{"showFog":true,"showMaterialUpdate":true,"showSkybox":true,"showFlares":true,"showImageEffects":true,"showParticleSystems":true},"in2DMode":false,"pivot":{"x":0.8499220013618469,"y":-4.038154602050781,"z":1.2722373008728028},"rotation":{"x":0.5474785566329956,"y":0.0052925287745893,"z":-0.003463792148977518,"w":0.8367958664894104},"size":21.492414474487306,"orthographic":false}