{"cameraMode":{"drawMode":0,"name":"Shaded","section":"Shading Mode"},"sceneLighting":true,"audioPlay":false,"sceneViewState":{"showFog":true,"showMaterialUpdate":true,"showSkybox":true,"showFlares":true,"showImageEffects":true,"showParticleSystems":true},"in2DMode":false,"pivot":{"x":0.37957119941711428,"y":3.8224434852600099,"z":0.7278614044189453},"rotation":{"x":-0.052114736288785937,"y":0.007814443670213223,"z":0.0004068744892720133,"w":0.9986104965209961},"size":21.98973846435547,"orthographic":false}