{"cameraMode":{"drawMode":0,"name":"Shaded","section":"Shading Mode"},"sceneLighting":true,"audioPlay":false,"sceneViewState":{"showFog":false,"showMaterialUpdate":false,"showSkybox":false,"showFlares":false,"showImageEffects":false,"showParticleSystems":false},"in2DMode":false,"pivot":{"x":6.606091499328613,"y":-2.6095237731933595,"z":296.11407470703127},"rotation":{"x":-0.578037440776825,"y":-0.04496978968381882,"z":0.03192940726876259,"w":-0.8141443133354187},"size":13.860116958618164,"orthographic":false}