{"cameraMode":{"drawMode":0,"name":"Shaded","section":"Shading Mode"},"sceneLighting":true,"audioPlay":false,"sceneViewState":{"showFog":true,"showMaterialUpdate":true,"showSkybox":true,"showFlares":true,"showImageEffects":true,"showParticleSystems":true},"in2DMode":false,"pivot":{"x":16.200000762939454,"y":-0.8000001907348633,"z":-0.10284805297851563},"rotation":{"x":0.5922926068305969,"y":-0.002921164268627763,"z":0.0021493404638022186,"w":0.8057147860527039},"size":333.5736999511719,"orthographic":false}