{"cameraMode":{"drawMode":0,"name":"Shaded","section":"Shading Mode"},"sceneLighting":true,"audioPlay":false,"sceneViewState":{"showFog":true,"showMaterialUpdate":true,"showSkybox":true,"showFlares":true,"showImageEffects":true,"showParticleSystems":true},"in2DMode":false,"pivot":{"x":3.456083297729492,"y":-89.67564392089844,"z":56.246978759765628},"rotation":{"x":0.4450681209564209,"y":0.022270571440458299,"z":-0.011071485467255116,"w":0.8951513171195984},"size":126.1692123413086,"orthographic":false}